{"cameraMode":{"drawMode":0,"name":"Shaded","section":"Shading Mode"},"sceneLighting":true,"audioPlay":false,"sceneViewState":{"m_AlwaysRefresh":false,"showFog":true,"showSkybox":true,"showFlares":true,"showImageEffects":true,"showParticleSystems":true,"showVisualEffectGraphs":true,"m_FxEnabled":true},"in2DMode":false,"pivot":{"x":2.027547597885132,"y":2.8587262630462648,"z":2.1456186771392824},"rotation":{"x":0.01582507975399494,"y":-0.7717728614807129,"z":0.019221210852265359,"w":0.6354115605354309},"size":2.862264633178711,"orthographic":false}