{"cameraMode":{"drawMode":0,"name":"Shaded","section":"Shading Mode"},"sceneLighting":true,"audioPlay":false,"sceneViewState":{"m_AlwaysRefresh":false,"showFog":true,"showSkybox":true,"showFlares":true,"showImageEffects":true,"showParticleSystems":true,"showVisualEffectGraphs":true,"m_FxEnabled":true},"in2DMode":false,"pivot":{"x":-4.4832611083984379,"y":-4.984644889831543,"z":3.259641647338867},"rotation":{"x":0.32393234968185427,"y":0.16765673458576203,"z":-0.058454401791095737,"w":0.9292943477630615},"size":10.510046005249024,"orthographic":false}