{"cameraMode":{"drawMode":0,"name":"Shaded","section":"Shading Mode"},"sceneLighting":true,"audioPlay":false,"sceneViewState":{"m_AlwaysRefresh":false,"showFog":true,"showSkybox":true,"showFlares":true,"showImageEffects":true,"showParticleSystems":true,"showVisualEffectGraphs":true,"m_FxEnabled":true},"in2DMode":false,"pivot":{"x":15.963398933410645,"y":-0.38355717062950137,"z":24.717592239379884},"rotation":{"x":0.06852075457572937,"y":0.9294511079788208,"z":-0.22244329750537873,"w":0.286289781332016},"size":9.153185844421387,"orthographic":false}