{"cameraMode":{"drawMode":0,"name":"Shaded","section":"Shading Mode"},"sceneLighting":true,"audioPlay":false,"sceneViewState":{"m_AlwaysRefresh":false,"showFog":true,"showSkybox":true,"showFlares":true,"showImageEffects":true,"showParticleSystems":true,"showVisualEffectGraphs":true,"m_FxEnabled":true},"in2DMode":false,"pivot":{"x":-1.8601740598678589,"y":14.341581344604493,"z":8.121119499206543},"rotation":{"x":-0.26104798913002016,"y":-0.05988111346960068,"z":-0.016160354018211366,"w":0.9634622931480408},"size":7.118435859680176,"orthographic":false}