{"cameraMode":{"drawMode":0,"name":"Shaded","section":"Shading Mode"},"sceneLighting":true,"audioPlay":false,"sceneViewState":{"m_AlwaysRefresh":false,"showFog":true,"showSkybox":true,"showFlares":true,"showImageEffects":true,"showParticleSystems":true,"showVisualEffectGraphs":true,"m_FxEnabled":true},"in2DMode":false,"pivot":{"x":6.950848579406738,"y":6.3704986572265629,"z":-4.410221099853516},"rotation":{"x":0.11767484247684479,"y":0.8752039074897766,"z":-0.26641303300857546,"w":0.3864099979400635},"size":2.0295746326446535,"orthographic":false}