{"cameraMode":{"drawMode":0,"name":"Shaded","section":"Shading Mode"},"sceneLighting":true,"audioPlay":false,"sceneViewState":{"m_AlwaysRefresh":false,"showFog":true,"showSkybox":true,"showFlares":true,"showImageEffects":true,"showParticleSystems":true,"showVisualEffectGraphs":true,"m_FxEnabled":true},"in2DMode":false,"pivot":{"x":0.48288029432296755,"y":5.013248443603516,"z":-1.6003390550613404},"rotation":{"x":0.15469439327716828,"y":-0.03413527086377144,"z":0.0061211721040308479,"w":0.9875510931015015},"size":4.945084095001221,"orthographic":false}