{"cameraMode":{"drawMode":0,"name":"Shaded","section":"Shading Mode"},"sceneLighting":true,"audioPlay":false,"sceneViewState":{"m_AlwaysRefresh":false,"showFog":true,"showSkybox":true,"showFlares":true,"showImageEffects":true,"showParticleSystems":true,"showVisualEffectGraphs":true,"m_FxEnabled":true},"in2DMode":false,"pivot":{"x":-5.310965538024902,"y":5.2981953620910648,"z":-0.7624392509460449},"rotation":{"x":-0.020977633073925973,"y":0.03985012695193291,"z":-0.0012159592006355525,"w":-0.999139666557312},"size":5.821228504180908,"orthographic":false}