{"cameraMode":{"drawMode":0,"name":"Shaded","section":"Shading Mode"},"sceneLighting":true,"audioPlay":false,"sceneViewState":{"m_AlwaysRefresh":false,"showFog":true,"showSkybox":true,"showFlares":true,"showImageEffects":true,"showParticleSystems":true,"showVisualEffectGraphs":true,"m_FxEnabled":true},"in2DMode":false,"pivot":{"x":-2.3888988494873049,"y":-1.4627788066864014,"z":-3.490401268005371},"rotation":{"x":-0.0027745843399316074,"y":0.9928563833236694,"z":-0.1170087680220604,"w":-0.023534946143627168},"size":3.999878168106079,"orthographic":false}