{"cameraMode":{"drawMode":0,"name":"Shaded","section":"Shading Mode"},"sceneLighting":true,"audioPlay":false,"sceneViewState":{"m_AlwaysRefresh":false,"showFog":true,"showSkybox":true,"showFlares":true,"showImageEffects":true,"showParticleSystems":true,"showVisualEffectGraphs":true,"m_FxEnabled":true},"in2DMode":false,"pivot":{"x":0.9427480101585388,"y":8.547287940979004,"z":1.8520498275756837},"rotation":{"x":-0.18874351680278779,"y":0.019992778077721597,"z":-0.004008946008980274,"w":-0.9819074869155884},"size":8.35612964630127,"orthographic":false}