{"cameraMode":{"drawMode":0,"name":"Shaded","section":"Shading Mode"},"sceneLighting":true,"audioPlay":false,"sceneViewState":{"showFog":true,"showMaterialUpdate":true,"showSkybox":true,"showFlares":true,"showImageEffects":true,"showParticleSystems":true},"in2DMode":false,"pivot":{"x":4.535035610198975,"y":5.66963005065918,"z":-0.7526108026504517},"rotation":{"x":0.024770095944404603,"y":0.9740309119224548,"z":-0.1316998153924942,"w":0.18267269432544709},"size":2.4892311096191408,"orthographic":false}