{"cameraMode":{"drawMode":0,"name":"Shaded","section":"Shading Mode"},"sceneLighting":true,"audioPlay":false,"sceneViewState":{"showFog":true,"showMaterialUpdate":true,"showSkybox":true,"showFlares":true,"showImageEffects":true,"showParticleSystems":true},"in2DMode":false,"pivot":{"x":155.85133361816407,"y":-7.286524295806885,"z":180.2171173095703},"rotation":{"x":0.11147771030664444,"y":0.1977681666612625,"z":-0.02264394424855709,"w":0.9736302495002747},"size":35.05686569213867,"orthographic":false}